{"cameraMode":{"drawMode":0,"name":"Shaded","section":"Shading Mode"},"sceneLighting":true,"audioPlay":false,"sceneViewState":{"m_AlwaysRefresh":false,"showFog":false,"showSkybox":false,"showFlares":false,"showImageEffects":true,"showParticleSystems":true,"showVisualEffectGraphs":true,"m_FxEnabled":false},"in2DMode":false,"pivot":{"x":-0.7125546932220459,"y":0.7083390951156616,"z":0.9638243913650513},"rotation":{"x":-0.02080615982413292,"y":0.38036680221557619,"z":-0.008559701964259148,"w":-0.9245624542236328},"size":1.4035348892211915,"orthographic":false}