{"cameraMode":{"drawMode":0,"name":"Shaded","section":"Shading Mode"},"sceneLighting":true,"audioPlay":false,"sceneViewState":{"m_AlwaysRefresh":false,"showFog":true,"showSkybox":true,"showFlares":true,"showImageEffects":true,"showParticleSystems":true,"showVisualEffectGraphs":true,"m_FxEnabled":true},"in2DMode":false,"pivot":{"x":-13.774539947509766,"y":-16.41474151611328,"z":23.643461227416993},"rotation":{"x":0.24904575943946839,"y":-0.6372650861740112,"z":0.22924135625362397,"w":0.6923342943191528},"size":118.75887298583985,"orthographic":false}